{
  "css": {
    "properties": {
      "background-attachment": {
        "__compat": {
          "mdn_url": "https://developer.mozilla.org/docs/Web/CSS/background-attachment",
          "support": {
            "chrome": {
              "version_added": "1"
            },
            "chrome_android": {
              "version_added": true
            },
            "edge": {
              "version_added": "12"
            },
            "firefox": {
              "version_added": "1"
            },
            "firefox_android": {
              "version_added": "4"
            },
            "ie": {
              "version_added": "4"
            },
            "opera": {
              "version_added": "3.5"
            },
            "opera_android": {
              "version_added": "10.1"
            },
            "safari": {
              "version_added": "1"
            },
            "safari_ios": {
              "version_added": "3.2"
            },
            "samsunginternet_android": {
              "version_added": true
            },
            "webview_android": {
              "version_added": true
            }
          },
          "status": {
            "experimental": false,
            "standard_track": true,
            "deprecated": false
          }
        },
        "multiple_backgrounds": {
          "__compat": {
            "description": "Multiple backgrounds",
            "support": {
              "chrome": {
                "version_added": "1"
              },
              "chrome_android": {
                "version_added": true
              },
              "edge": {
                "version_added": "12"
              },
              "firefox": {
                "version_added": "3.6"
              },
              "firefox_android": {
                "version_added": "4"
              },
              "ie": {
                "version_added": "9"
              },
              "opera": {
                "version_added": "10.5"
              },
              "opera_android": {
                "version_added": "11"
              },
              "safari": {
                "version_added": "1.3"
              },
              "safari_ios": {
                "version_added": "3.2"
              },
              "samsunginternet_android": {
                "version_added": true
              },
              "webview_android": {
                "version_added": true
              }
            },
            "status": {
              "experimental": false,
              "standard_track": true,
              "deprecated": false
            }
          }
        },
        "local": {
          "__compat": {
            "description": "<code>local</code>",
            "support": {
              "chrome": {
                "version_added": "1"
              },
              "chrome_android": {
                "version_added": true
              },
              "edge": {
                "version_added": "12"
              },
              "firefox": {
                "version_added": "25"
              },
              "firefox_android": {
                "version_added": "25"
              },
              "ie": {
                "version_added": "9"
              },
              "opera": {
                "version_added": "10.5"
              },
              "opera_android": {
                "version_added": null
              },
              "safari": {
                "version_added": "5"
              },
              "safari_ios": {
                "version_added": null
              },
              "samsunginternet_android": {
                "version_added": true
              },
              "webview_android": {
                "version_added": "37"
              }
            },
            "status": {
              "experimental": false,
              "standard_track": true,
              "deprecated": false
            }
          }
        }
      }
    }
  }
}
