{
  "css": {
    "properties": {
      "box-align": {
        "__compat": {
          "mdn_url": "https://developer.mozilla.org/docs/Web/CSS/box-align",
          "support": {
            "chrome": {
              "version_added": "1",
              "prefix": "-webkit-"
            },
            "chrome_android": {
              "version_added": "18",
              "prefix": "-webkit-"
            },
            "edge": {
              "version_added": "12",
              "prefix": "-webkit-"
            },
            "firefox": [
              {
                "version_added": "1",
                "prefix": "-moz-"
              },
              {
                "version_added": "49",
                "prefix": "-webkit-"
              }
            ],
            "firefox_android": [
              {
                "version_added": "4",
                "prefix": "-moz-"
              },
              {
                "version_added": "49",
                "prefix": "-webkit-"
              }
            ],
            "ie": {
              "version_added": false
            },
            "opera": {
              "version_added": true,
              "prefix": "-webkit-"
            },
            "opera_android": {
              "version_added": true,
              "prefix": "-webkit-"
            },
            "safari": [
              {
                "version_added": "3",
                "prefix": "-webkit-"
              },
              {
                "version_added": "1.1",
                "version_removed": "3",
                "prefix": "-khtml-"
              }
            ],
            "safari_ios": {
              "version_added": "1",
              "prefix": "-webkit-"
            },
            "samsunginternet_android": {
              "version_added": "1.0",
              "prefix": "-webkit-"
            },
            "webview_android": {
              "version_added": true,
              "prefix": "-webkit-"
            }
          },
          "status": {
            "experimental": false,
            "standard_track": false,
            "deprecated": true
          }
        }
      }
    }
  }
}
