{
  "css": {
    "properties": {
      "break-before": {
        "multicol_context": {
          "__compat": {
            "description": "Supported in Multi-column Layout",
            "mdn_url": "https://developer.mozilla.org/docs/Web/CSS/break-before",
            "support": {
              "chrome": {
                "version_added": "50"
              },
              "chrome_android": {
                "version_added": "50"
              },
              "edge": {
                "version_added": "12"
              },
              "firefox": {
                "version_added": "65"
              },
              "firefox_android": {
                "version_added": "65"
              },
              "ie": {
                "version_added": "10"
              },
              "opera": [
                {
                  "version_added": "37"
                },
                {
                  "version_added": "11.1",
                  "version_removed": "12.1"
                }
              ],
              "opera_android": [
                {
                  "version_added": "37"
                },
                {
                  "version_added": "11.1",
                  "version_removed": "12.1"
                }
              ],
              "safari": {
                "version_added": false
              },
              "safari_ios": {
                "version_added": false
              },
              "samsunginternet_android": {
                "version_added": "5.0"
              },
              "webview_android": {
                "version_added": "50"
              }
            },
            "status": {
              "experimental": false,
              "standard_track": true,
              "deprecated": false
            }
          },
          "column": {
            "__compat": {
              "description": "<code>column</code>",
              "support": {
                "chrome": {
                  "version_added": "51"
                },
                "chrome_android": {
                  "version_added": "51"
                },
                "edge": {
                  "version_added": "12"
                },
                "firefox": {
                  "version_added": false
                },
                "firefox_android": {
                  "version_added": false
                },
                "ie": {
                  "version_added": "10"
                },
                "opera": {
                  "version_added": "38"
                },
                "opera_android": {
                  "version_added": "41"
                },
                "safari": {
                  "version_added": false
                },
                "safari_ios": {
                  "version_added": false
                },
                "samsunginternet_android": {
                  "version_added": "5.0"
                },
                "webview_android": {
                  "version_added": "51"
                }
              },
              "status": {
                "experimental": false,
                "standard_track": true,
                "deprecated": false
              }
            }
          },
          "avoid-column": {
            "__compat": {
              "description": "<code>avoid-column</code>",
              "support": {
                "chrome": {
                  "version_added": false
                },
                "chrome_android": {
                  "version_added": false
                },
                "edge": {
                  "version_added": "12"
                },
                "firefox": {
                  "version_added": false
                },
                "firefox_android": {
                  "version_added": false
                },
                "ie": {
                  "version_added": "10"
                },
                "opera": {
                  "version_added": false
                },
                "opera_android": {
                  "version_added": false
                },
                "safari": {
                  "version_added": false
                },
                "safari_ios": {
                  "version_added": false
                },
                "samsunginternet_android": {
                  "version_added": false
                },
                "webview_android": {
                  "version_added": false
                }
              },
              "status": {
                "experimental": false,
                "standard_track": true,
                "deprecated": false
              }
            }
          },
          "always": {
            "__compat": {
              "description": "<code>always</code>",
              "support": {
                "chrome": {
                  "version_added": false
                },
                "chrome_android": {
                  "version_added": false
                },
                "edge": {
                  "version_added": false
                },
                "firefox": {
                  "version_added": false
                },
                "firefox_android": {
                  "version_added": false
                },
                "ie": {
                  "version_added": false
                },
                "opera": {
                  "version_added": false
                },
                "opera_android": {
                  "version_added": false
                },
                "safari": {
                  "version_added": false
                },
                "safari_ios": {
                  "version_added": false
                },
                "samsunginternet_android": {
                  "version_added": false
                },
                "webview_android": {
                  "version_added": false
                }
              },
              "status": {
                "experimental": true,
                "standard_track": true,
                "deprecated": false
              }
            }
          }
        },
        "paged_context": {
          "__compat": {
            "description": "Supported in Paged Media",
            "mdn_url": "https://developer.mozilla.org/docs/Web/CSS/break-before",
            "support": {
              "chrome": {
                "version_added": "50"
              },
              "chrome_android": {
                "version_added": "50"
              },
              "edge": {
                "version_added": "12"
              },
              "firefox": {
                "version_added": "65"
              },
              "firefox_android": {
                "version_added": "65"
              },
              "ie": {
                "version_added": "10"
              },
              "opera": [
                {
                  "version_added": "37"
                },
                {
                  "version_added": "11.1",
                  "version_removed": "12.1"
                }
              ],
              "opera_android": [
                {
                  "version_added": "37"
                },
                {
                  "version_added": "11.1",
                  "version_removed": "12.1"
                }
              ],
              "safari": {
                "version_added": "10"
              },
              "safari_ios": {
                "version_added": "10"
              },
              "samsunginternet_android": {
                "version_added": "5.0"
              },
              "webview_android": {
                "version_added": "50"
              }
            },
            "status": {
              "experimental": false,
              "standard_track": true,
              "deprecated": false
            }
          },
          "page": {
            "__compat": {
              "description": "<code>page</code> and <code>avoid-page</code>",
              "support": {
                "chrome": {
                  "version_added": "50"
                },
                "chrome_android": {
                  "version_added": "50"
                },
                "edge": {
                  "version_added": "12"
                },
                "firefox": {
                  "version_added": "65"
                },
                "firefox_android": {
                  "version_added": "65"
                },
                "ie": {
                  "version_added": "10"
                },
                "opera": {
                  "version_added": "11.1",
                  "version_removed": "12.1"
                },
                "opera_android": {
                  "version_added": null
                },
                "safari": {
                  "version_added": null
                },
                "safari_ios": {
                  "version_added": null
                },
                "samsunginternet_android": {
                  "version_added": null
                },
                "webview_android": {
                  "version_added": "50"
                }
              },
              "status": {
                "experimental": false,
                "standard_track": true,
                "deprecated": false
              }
            }
          },
          "always": {
            "__compat": {
              "description": "<code>always</code>",
              "support": {
                "chrome": {
                  "version_added": false
                },
                "chrome_android": {
                  "version_added": false
                },
                "edge": {
                  "version_added": "12"
                },
                "firefox": {
                  "version_added": "65"
                },
                "firefox_android": {
                  "version_added": "65"
                },
                "ie": {
                  "version_added": "10"
                },
                "opera": {
                  "version_added": "11.1",
                  "version_removed": "12.1"
                },
                "opera_android": {
                  "version_added": null
                },
                "safari": {
                  "version_added": null
                },
                "safari_ios": {
                  "version_added": null
                },
                "samsunginternet_android": {
                  "version_added": null
                },
                "webview_android": {
                  "version_added": "50"
                }
              },
              "status": {
                "experimental": false,
                "standard_track": true,
                "deprecated": false
              }
            }
          },
          "recto": {
            "__compat": {
              "description": "<code>recto</code> and <code>verso</code>",
              "support": {
                "chrome": {
                  "version_added": false
                },
                "chrome_android": {
                  "version_added": false
                },
                "edge": {
                  "version_added": false
                },
                "firefox": {
                  "version_added": false
                },
                "firefox_android": {
                  "version_added": false
                },
                "ie": {
                  "version_added": false
                },
                "opera": {
                  "version_added": false
                },
                "opera_android": {
                  "version_added": false
                },
                "safari": {
                  "version_added": false
                },
                "safari_ios": {
                  "version_added": false
                },
                "samsunginternet_android": {
                  "version_added": false
                },
                "webview_android": {
                  "version_added": false
                }
              },
              "status": {
                "experimental": true,
                "standard_track": true,
                "deprecated": false
              }
            }
          }
        },
        "region_context": {
          "__compat": {
            "description": "Supported in CSS Regions",
            "mdn_url": "https://developer.mozilla.org/docs/Web/CSS/break-before",
            "support": {
              "chrome": {
                "version_added": false
              },
              "chrome_android": {
                "version_added": false
              },
              "edge": {
                "version_added": false
              },
              "firefox": {
                "version_added": false
              },
              "firefox_android": {
                "version_added": false
              },
              "ie": {
                "version_added": false
              },
              "opera": {
                "version_added": false
              },
              "opera_android": {
                "version_added": false
              },
              "safari": {
                "version_added": false
              },
              "safari_ios": {
                "version_added": false
              },
              "samsunginternet_android": {
                "version_added": false
              },
              "webview_android": {
                "version_added": false
              }
            },
            "status": {
              "experimental": true,
              "standard_track": true,
              "deprecated": false
            }
          }
        }
      }
    }
  }
}
