{
  "css": {
    "properties": {
      "caret-color": {
        "__compat": {
          "mdn_url": "https://developer.mozilla.org/docs/Web/CSS/caret-color",
          "support": {
            "chrome": {
              "version_added": "57"
            },
            "chrome_android": {
              "version_added": "57"
            },
            "edge": {
              "version_added": false
            },
            "firefox": {
              "version_added": "53"
            },
            "firefox_android": {
              "version_added": "53"
            },
            "ie": {
              "version_added": false
            },
            "opera": {
              "version_added": "44"
            },
            "opera_android": {
              "version_added": "43"
            },
            "safari": {
              "version_added": "11.1"
            },
            "safari_ios": {
              "version_added": "11.1"
            },
            "samsunginternet_android": {
              "version_added": "7.0"
            },
            "webview_android": {
              "version_added": "57"
            }
          },
          "status": {
            "experimental": false,
            "standard_track": true,
            "deprecated": false
          }
        }
      }
    }
  }
}
