{
  "css": {
    "properties": {
      "column-width": {
        "__compat": {
          "mdn_url": "https://developer.mozilla.org/docs/Web/CSS/column-width",
          "support": {
            "chrome": [
              {
                "version_added": "50"
              },
              {
                "prefix": "-webkit-",
                "version_added": "1"
              }
            ],
            "chrome_android": [
              {
                "version_added": "50"
              },
              {
                "prefix": "-webkit-",
                "version_added": "18"
              }
            ],
            "edge": [
              {
                "version_added": "12"
              },
              {
                "prefix": "-webkit-",
                "version_added": "12"
              }
            ],
            "firefox": [
              {
                "version_added": "50"
              },
              {
                "prefix": "-moz-",
                "version_added": "1.5",
                "notes": "Prior to version 37, multiple columns didn't work with <code>display: table-caption</code> elements."
              }
            ],
            "firefox_android": [
              {
                "version_added": "50"
              },
              {
                "prefix": "-moz-",
                "version_added": "4",
                "notes": "Prior to version 37, multiple columns didn't work with <code>display: table-caption</code> elements."
              }
            ],
            "ie": {
              "version_added": "10"
            },
            "opera": [
              {
                "version_added": "11.1"
              },
              {
                "prefix": "-webkit-",
                "version_added": "15"
              }
            ],
            "opera_android": [
              {
                "version_added": "11.1"
              },
              {
                "prefix": "-webkit-",
                "version_added": "15"
              }
            ],
            "safari": [
              {
                "version_added": "9"
              },
              {
                "prefix": "-webkit-",
                "version_added": "3"
              }
            ],
            "safari_ios": [
              {
                "version_added": "9"
              },
              {
                "prefix": "-webkit-",
                "version_added": "1"
              }
            ],
            "samsunginternet_android": [
              {
                "version_added": "5.0"
              },
              {
                "prefix": "-webkit-",
                "version_added": "1.0"
              }
            ],
            "webview_android": [
              {
                "version_added": "50"
              },
              {
                "prefix": "-webkit-",
                "version_added": true
              }
            ]
          },
          "status": {
            "experimental": false,
            "standard_track": true,
            "deprecated": false
          }
        },
        "intrinsic_sizes": {
          "__compat": {
            "description": "Intrinsic sizes",
            "support": {
              "chrome": {
                "version_added": false
              },
              "edge": {
                "version_added": false
              },
              "firefox": {
                "version_added": false
              },
              "firefox_android": {
                "version_added": false
              },
              "ie": {
                "version_added": false
              },
              "opera": {
                "version_added": false
              },
              "opera_android": {
                "version_added": false
              },
              "safari": {
                "version_added": false
              },
              "safari_ios": {
                "version_added": false
              },
              "webview_android": {
                "version_added": false
              }
            },
            "status": {
              "experimental": true,
              "standard_track": true,
              "deprecated": false
            }
          }
        }
      }
    }
  }
}
