{
  "css": {
    "properties": {
      "counter-reset": {
        "__compat": {
          "mdn_url": "https://developer.mozilla.org/docs/Web/CSS/counter-reset",
          "support": {
            "chrome": {
              "version_added": "2"
            },
            "chrome_android": {
              "version_added": "18"
            },
            "edge": {
              "version_added": "12"
            },
            "firefox": {
              "version_added": "1"
            },
            "firefox_android": {
              "version_added": "25"
            },
            "ie": {
              "version_added": "8"
            },
            "opera": {
              "version_added": "9.2"
            },
            "opera_android": {
              "version_added": "10.1"
            },
            "safari": {
              "version_added": "3"
            },
            "safari_ios": {
              "version_added": "1"
            },
            "samsunginternet_android": {
              "version_added": true
            },
            "webview_android": {
              "version_added": true
            }
          },
          "status": {
            "experimental": false,
            "standard_track": true,
            "deprecated": false
          }
        }
      }
    }
  }
}
