{
  "css": {
    "properties": {
      "filter": {
        "__compat": {
          "mdn_url": "https://developer.mozilla.org/docs/Web/CSS/filter",
          "support": {
            "chrome": [
              {
                "version_added": "53"
              },
              {
                "prefix": "-webkit-",
                "version_added": "18",
                "notes": "In Chrome 18 to 19, the <code>saturate()</code> function only takes integers instead of decimal or percentage values. From Chrome 20, this bug is fixed."
              }
            ],
            "chrome_android": {
              "version_added": "53"
            },
            "edge": [
              {
                "version_added": "12"
              },
              {
                "prefix": "-webkit-",
                "version_added": "12"
              }
            ],
            "firefox": [
              {
                "version_added": "35"
              },
              {
                "partial_implementation": true,
                "version_added": "34",
                "flags": [
                  {
                    "type": "preference",
                    "name": "layout.css.filters.enabled",
                    "value_to_set": "true"
                  }
                ]
              },
              {
                "prefix": "-webkit-",
                "version_added": "49"
              },
              {
                "prefix": "-webkit-",
                "version_added": "46",
                "flags": [
                  {
                    "type": "preference",
                    "name": "layout.css.prefixes.webkit",
                    "value_to_set": "true"
                  }
                ]
              }
            ],
            "firefox_android": [
              {
                "version_added": "35"
              },
              {
                "partial_implementation": true,
                "version_added": "34",
                "flags": [
                  {
                    "type": "preference",
                    "name": "layout.css.filters.enabled",
                    "value_to_set": "true"
                  }
                ]
              },
              {
                "prefix": "-webkit-",
                "version_added": "49"
              },
              {
                "prefix": "-webkit-",
                "version_added": "46",
                "flags": [
                  {
                    "type": "preference",
                    "name": "layout.css.prefixes.webkit",
                    "value_to_set": "true"
                  }
                ]
              }
            ],
            "ie": {
              "version_added": false,
              "notes": "Internet Explorer 4 to 9 implemented a non-standard <code>filter</code> property. The syntax was completely different from this one and is not documented here."
            },
            "opera": [
              {
                "version_added": "40"
              },
              {
                "prefix": "-webkit-",
                "version_added": "15"
              }
            ],
            "opera_android": [
              {
                "version_added": "41"
              },
              {
                "prefix": "-webkit-",
                "version_added": "14"
              }
            ],
            "safari": [
              {
                "version_added": "9.1"
              },
              {
                "prefix": "-webkit-",
                "version_added": "6"
              }
            ],
            "safari_ios": [
              {
                "version_added": "9.3"
              },
              {
                "prefix": "-webkit-",
                "version_added": "6"
              }
            ],
            "samsunginternet_android": {
              "version_added": "6.0"
            },
            "webview_android": [
              {
                "version_added": "53"
              },
              {
                "prefix": "-webkit-",
                "version_added": "4.4"
              }
            ]
          },
          "status": {
            "experimental": true,
            "standard_track": true,
            "deprecated": false
          }
        },
        "svg": {
          "__compat": {
            "description": "On SVG elements",
            "support": {
              "chrome": {
                "version_added": true
              },
              "chrome_android": {
                "version_added": false
              },
              "edge": {
                "version_added": false
              },
              "firefox": {
                "version_added": "35"
              },
              "firefox_android": {
                "version_added": "35"
              },
              "ie": {
                "version_added": false
              },
              "opera": {
                "version_added": false
              },
              "opera_android": {
                "version_added": false
              },
              "safari": {
                "version_added": false
              },
              "safari_ios": {
                "version_added": false
              },
              "samsunginternet_android": {
                "version_added": false
              },
              "webview_android": {
                "version_added": false
              }
            },
            "status": {
              "experimental": false,
              "standard_track": true,
              "deprecated": false
            }
          }
        }
      }
    }
  }
}
