{
  "css": {
    "properties": {
      "flex-shrink": {
        "__compat": {
          "mdn_url": "https://developer.mozilla.org/docs/Web/CSS/flex-shrink",
          "support": {
            "chrome": [
              {
                "version_added": "29"
              },
              {
                "prefix": "-webkit-",
                "version_added": "21"
              }
            ],
            "chrome_android": [
              {
                "version_added": "29"
              },
              {
                "prefix": "-webkit-",
                "version_added": "25"
              }
            ],
            "edge": [
              {
                "version_added": "12"
              },
              {
                "prefix": "-webkit-",
                "version_added": "12"
              }
            ],
            "firefox": [
              {
                "version_added": "20",
                "notes": [
                  "Since Firefox 28, multi-line flexbox is supported.",
                  "Before Firefox 32, Firefox wasn't able to animate values starting or stopping at <code>0</code>."
                ]
              },
              {
                "prefix": "-webkit-",
                "version_added": "49"
              },
              {
                "prefix": "-webkit-",
                "version_added": "44",
                "flags": [
                  {
                    "type": "preference",
                    "name": "layout.css.prefixes.webkit",
                    "value_to_set": "true"
                  }
                ]
              },
              {
                "version_added": "18",
                "version_removed": "20",
                "flags": [
                  {
                    "type": "preference",
                    "name": "layout.css.flexbox.enabled",
                    "value_to_set": "true"
                  }
                ]
              }
            ],
            "firefox_android": [
              {
                "version_added": "20",
                "notes": [
                  "Since Firefox 28, multi-line flexbox is supported.",
                  "Before Firefox 32, Firefox wasn't able to animate values starting or stopping at <code>0</code>."
                ]
              },
              {
                "prefix": "-webkit-",
                "version_added": "49"
              },
              {
                "prefix": "-webkit-",
                "version_added": "44",
                "flags": [
                  {
                    "type": "preference",
                    "name": "layout.css.prefixes.webkit",
                    "value_to_set": "true"
                  }
                ]
              },
              {
                "version_added": "18",
                "version_removed": "20",
                "flags": [
                  {
                    "type": "preference",
                    "name": "layout.css.flexbox.enabled",
                    "value_to_set": "true"
                  }
                ]
              }
            ],
            "ie": {
              "version_added": "10",
              "notes": "Internet Explorer 10 uses <code>0</code> instead of <code>1</code> as the initial value for the <code>flex-shrink</code> property. A workaround is to always set an explicit value for <code>flex-shrink</code>. See <a href='https://github.com/philipwalton/flexbugs#6-the-default-flex-value-has-changed'>Flexbug #6</a> for more info."
            },
            "opera": [
              {
                "version_added": "12.1"
              },
              {
                "prefix": "-webkit-",
                "version_added": "15"
              }
            ],
            "opera_android": [
              {
                "version_added": "12.1"
              },
              {
                "prefix": "-webkit-",
                "version_added": "14"
              }
            ],
            "safari": [
              {
                "version_added": "9"
              },
              {
                "prefix": "-webkit-",
                "version_added": "8"
              }
            ],
            "safari_ios": [
              {
                "version_added": "9"
              },
              {
                "prefix": "-webkit-",
                "version_added": true
              }
            ],
            "webview_android": [
              {
                "version_added": "4.4"
              },
              {
                "prefix": "-webkit-",
                "version_added": true
              }
            ]
          },
          "status": {
            "experimental": false,
            "standard_track": true,
            "deprecated": false
          }
        }
      }
    }
  }
}
