{
  "css": {
    "properties": {
      "font-family": {
        "__compat": {
          "mdn_url": "https://developer.mozilla.org/docs/Web/CSS/font-family",
          "support": {
            "chrome": {
              "version_added": "1"
            },
            "chrome_android": {
              "version_added": "18"
            },
            "edge": {
              "version_added": "12"
            },
            "firefox": {
              "version_added": "1",
              "notes": "Not supported on <code>option</code> elements. See <a href='https://bugzil.la/1536148'>bug 1536148</a>."
            },
            "firefox_android": {
              "version_added": "4"
            },
            "ie": {
              "version_added": "3"
            },
            "opera": {
              "version_added": "3.5"
            },
            "opera_android": {
              "version_added": "10.1"
            },
            "safari": {
              "version_added": "1"
            },
            "safari_ios": {
              "version_added": "1"
            },
            "samsunginternet_android": {
              "version_added": true
            },
            "webview_android": {
              "version_added": "1"
            }
          },
          "status": {
            "experimental": false,
            "standard_track": true,
            "deprecated": false
          }
        },
        "system_ui": {
          "__compat": {
            "description": "<code>system-ui</code>",
            "support": {
              "chrome": {
                "version_added": "56"
              },
              "chrome_android": {
                "version_added": "56"
              },
              "edge": {
                "version_added": false
              },
              "firefox": [
                {
                  "version_added": false
                },
                {
                  "alternative_name": "-apple-system",
                  "version_added": "43",
                  "notes": "Supported on macOS only."
                }
              ],
              "firefox_android": {
                "version_added": false
              },
              "ie": {
                "version_added": false
              },
              "opera": {
                "version_added": "43"
              },
              "opera_android": {
                "version_added": "43"
              },
              "safari": {
                "alternative_name": "-apple-system",
                "version_added": "9",
                "notes": "Supported since macOS 10.11."
              },
              "safari_ios": {
                "alternative_name": "-apple-system",
                "version_added": true,
                "notes": "Supported since iOS 9."
              },
              "samsunginternet_android": {
                "version_added": "6.0"
              },
              "webview_android": {
                "version_added": "56"
              }
            },
            "status": {
              "experimental": true,
              "standard_track": true,
              "deprecated": false
            }
          }
        }
      }
    }
  }
}
