{
  "css": {
    "properties": {
      "image-rendering": {
        "__compat": {
          "mdn_url": "https://developer.mozilla.org/docs/Web/CSS/image-rendering",
          "support": {
            "chrome": {
              "version_added": "13"
            },
            "chrome_android": {
              "version_added": "18"
            },
            "edge": {
              "version_added": false
            },
            "firefox": {
              "version_added": "3.6"
            },
            "firefox_android": {
              "version_added": "4"
            },
            "ie": {
              "version_added": false
            },
            "opera": {
              "version_added": "15"
            },
            "opera_android": {
              "version_added": "14"
            },
            "safari": {
              "version_added": "6"
            },
            "safari_ios": {
              "version_added": "6"
            },
            "samsunginternet_android": {
              "version_added": "1.0"
            },
            "webview_android": {
              "version_added": "41"
            }
          },
          "status": {
            "experimental": true,
            "standard_track": true,
            "deprecated": false
          }
        },
        "crisp-edges": {
          "__compat": {
            "support": {
              "chrome": {
                "alternative_name": "-webkit-optimize-contrast",
                "version_added": "1"
              },
              "chrome_android": {
                "alternative_name": "-webkit-optimize-contrast",
                "version_added": "18"
              },
              "edge": {
                "version_added": false
              },
              "firefox": [
                {
                  "version_added": "65"
                },
                {
                  "prefix": "-moz-",
                  "version_added": "3.6"
                }
              ],
              "firefox_android": [
                {
                  "version_added": "65"
                },
                {
                  "prefix": "-moz-",
                  "version_added": "4"
                }
              ],
              "ie": {
                "version_added": false
              },
              "opera": [
                {
                  "alternative_name": "-webkit-optimize-contrast",
                  "version_added": "15"
                },
                {
                  "prefix": "-o-",
                  "version_added": true,
                  "version_removed": "15"
                }
              ],
              "opera_android": [
                {
                  "alternative_name": "-webkit-optimize-contrast",
                  "version_added": "14"
                },
                {
                  "prefix": "-o-",
                  "version_added": true,
                  "version_removed": "14"
                }
              ],
              "safari": {
                "alternative_name": "-webkit-optimize-contrast",
                "version_added": "6"
              },
              "safari_ios": {
                "alternative_name": "-webkit-optimize-contrast",
                "version_added": "6"
              },
              "samsunginternet_android": {
                "alternative_name": "-webkit-optimize-contrast",
                "version_added": "1.0"
              },
              "webview_android": {
                "alternative_name": "-webkit-optimize-contrast",
                "version_added": true
              }
            },
            "status": {
              "experimental": true,
              "standard_track": true,
              "deprecated": false
            }
          }
        },
        "pixelated": {
          "__compat": {
            "support": {
              "chrome": {
                "version_added": "41"
              },
              "chrome_android": {
                "version_added": "41"
              },
              "edge": {
                "version_added": false
              },
              "firefox": {
                "version_added": false
              },
              "firefox_android": {
                "version_added": false
              },
              "ie": {
                "version_added": false
              },
              "opera": {
                "version_added": "26"
              },
              "opera_android": {
                "version_added": "26"
              },
              "safari": {
                "version_added": null
              },
              "safari_ios": {
                "version_added": null
              },
              "samsunginternet_android": {
                "version_added": "4.0"
              },
              "webview_android": {
                "version_added": "41"
              }
            },
            "status": {
              "experimental": true,
              "standard_track": true,
              "deprecated": false
            }
          }
        },
        "optimizeQuality": {
          "__compat": {
            "support": {
              "chrome": {
                "version_added": false
              },
              "chrome_android": {
                "version_added": false
              },
              "edge": {
                "version_added": false
              },
              "firefox": {
                "version_added": "3.6"
              },
              "firefox_android": {
                "version_added": "4"
              },
              "ie": {
                "version_added": false
              },
              "opera": {
                "version_added": true
              },
              "opera_android": {
                "version_added": null
              },
              "safari": {
                "version_added": true
              },
              "safari_ios": {
                "version_added": null
              },
              "samsunginternet_android": {
                "version_added": false
              },
              "webview_android": {
                "version_added": false
              }
            },
            "status": {
              "experimental": false,
              "standard_track": false,
              "deprecated": true
            }
          }
        },
        "optimizeSpeed": {
          "__compat": {
            "support": {
              "chrome": {
                "version_added": false
              },
              "chrome_android": {
                "version_added": false
              },
              "edge": {
                "version_added": false
              },
              "firefox": {
                "version_added": "3.6"
              },
              "firefox_android": {
                "version_added": "4"
              },
              "ie": {
                "version_added": false
              },
              "opera": {
                "version_added": true
              },
              "opera_android": {
                "version_added": null
              },
              "safari": {
                "version_added": true
              },
              "safari_ios": {
                "version_added": null
              },
              "samsunginternet_android": {
                "version_added": false
              },
              "webview_android": {
                "version_added": false
              }
            },
            "status": {
              "experimental": false,
              "standard_track": false,
              "deprecated": true
            }
          }
        }
      }
    }
  }
}
