{
  "css": {
    "properties": {
      "line-break": {
        "__compat": {
          "mdn_url": "https://developer.mozilla.org/docs/Web/CSS/line-break",
          "support": {
            "chrome": [
              {
                "version_added": "58"
              },
              {
                "prefix": "-webkit-",
                "version_added": "1"
              }
            ],
            "chrome_android": [
              {
                "version_added": "58"
              },
              {
                "prefix": "-webkit-",
                "version_added": "18"
              }
            ],
            "edge": {
              "version_added": "14"
            },
            "firefox": {
              "version_added": false
            },
            "firefox_android": {
              "version_added": false
            },
            "ie": [
              {
                "version_added": "5.5"
              },
              {
                "prefix": "-ms-",
                "version_added": "8"
              }
            ],
            "opera": [
              {
                "version_added": "45"
              },
              {
                "prefix": "-webkit-",
                "version_added": true
              }
            ],
            "opera_android": [
              {
                "version_added": "43"
              },
              {
                "prefix": "-webkit-",
                "version_added": true
              }
            ],
            "safari": [
              {
                "version_added": "3",
                "prefix": "-webkit-"
              },
              {
                "version_added": "2",
                "version_removed": "3",
                "prefix": "-khtml-"
              }
            ],
            "safari_ios": {
              "version_added": "1",
              "prefix": "-webkit-"
            },
            "samsunginternet_android": [
              {
                "version_added": "7.0"
              },
              {
                "prefix": "-webkit-",
                "version_added": true
              }
            ],
            "webview_android": [
              {
                "version_added": "58"
              },
              {
                "prefix": "-webkit-",
                "version_added": true
              }
            ]
          },
          "status": {
            "experimental": true,
            "standard_track": true,
            "deprecated": false
          }
        }
      }
    }
  }
}
