{
  "css": {
    "properties": {
      "offset-rotate": {
        "__compat": {
          "mdn_url": "https://developer.mozilla.org/docs/Web/CSS/offset-rotate",
          "support": {
            "chrome": [
              {
                "version_added": "56"
              },
              {
                "alternative_name": "offset-rotation",
                "version_added": "55"
              },
              {
                "alternative_name": "motion-rotation",
                "version_added": "46"
              }
            ],
            "chrome_android": [
              {
                "version_added": "56"
              },
              {
                "alternative_name": "offset-rotation",
                "version_added": "55"
              },
              {
                "alternative_name": "motion-rotation",
                "version_added": "46"
              }
            ],
            "edge": {
              "version_added": false
            },
            "firefox": {
              "version_added": false
            },
            "firefox_android": {
              "version_added": false
            },
            "ie": {
              "version_added": false
            },
            "opera": [
              {
                "version_added": "43"
              },
              {
                "alternative_name": "offset-rotation",
                "version_added": "42"
              },
              {
                "alternative_name": "motion-rotation",
                "version_added": "33"
              }
            ],
            "opera_android": {
              "version_added": null
            },
            "safari": {
              "version_added": false
            },
            "safari_ios": {
              "version_added": false
            },
            "samsunginternet_android": {
              "version_added": "6.0"
            },
            "webview_android": [
              {
                "version_added": "56"
              },
              {
                "alternative_name": "offset-rotation",
                "version_added": "55"
              },
              {
                "alternative_name": "motion-rotation",
                "version_added": "46"
              }
            ]
          },
          "status": {
            "experimental": true,
            "standard_track": true,
            "deprecated": false
          }
        }
      }
    }
  }
}
