{
  "css": {
    "properties": {
      "order": {
        "__compat": {
          "mdn_url": "https://developer.mozilla.org/docs/Web/CSS/order",
          "support": {
            "chrome": [
              {
                "version_added": "29"
              },
              {
                "prefix": "-webkit-",
                "version_added": "21"
              }
            ],
            "chrome_android": [
              {
                "version_added": "29"
              },
              {
                "prefix": "-webkit-",
                "version_added": "25"
              }
            ],
            "edge": [
              {
                "version_added": "12"
              },
              {
                "prefix": "-webkit-",
                "version_added": "12"
              }
            ],
            "firefox": [
              {
                "version_added": "20",
                "notes": "Since Firefox 28, multi-line flexbox is supported."
              },
              {
                "prefix": "-webkit-",
                "version_added": "49"
              },
              {
                "prefix": "-webkit-",
                "version_added": "48",
                "flags": [
                  {
                    "type": "preference",
                    "name": "layout.css.prefixes.webkit",
                    "value_to_set": "true"
                  }
                ]
              },
              {
                "version_added": "18",
                "version_removed": "28",
                "flags": [
                  {
                    "type": "preference",
                    "name": "layout.css.flexbox.enabled",
                    "value_to_set": "true"
                  }
                ]
              }
            ],
            "firefox_android": [
              {
                "version_added": "20",
                "notes": "Since Firefox 28, multi-line flexbox is supported."
              },
              {
                "prefix": "-webkit-",
                "version_added": "49"
              },
              {
                "prefix": "-webkit-",
                "version_added": "48",
                "flags": [
                  {
                    "type": "preference",
                    "name": "layout.css.prefixes.webkit",
                    "value_to_set": "true"
                  }
                ]
              },
              {
                "version_added": "18",
                "version_removed": "28",
                "flags": [
                  {
                    "type": "preference",
                    "name": "layout.css.flexbox.enabled",
                    "value_to_set": "true"
                  }
                ]
              }
            ],
            "ie": [
              {
                "version_added": "11"
              },
              {
                "prefix": "-ms-",
                "version_added": "10"
              }
            ],
            "opera": {
              "version_added": "12.1"
            },
            "opera_android": {
              "version_added": "12.1"
            },
            "safari": [
              {
                "version_added": "9"
              },
              {
                "prefix": "-webkit-",
                "version_added": "7"
              }
            ],
            "safari_ios": [
              {
                "version_added": "9"
              },
              {
                "prefix": "-webkit-",
                "version_added": "7"
              }
            ],
            "samsunginternet_android": {
              "version_added": null
            },
            "webview_android": [
              {
                "version_added": "4.4"
              },
              {
                "prefix": "-webkit-",
                "version_added": true
              }
            ]
          },
          "status": {
            "experimental": false,
            "standard_track": true,
            "deprecated": false
          }
        },
        "absolutely_positioned_flex_children": {
          "__compat": {
            "description": "Absolutely-positioned flex children",
            "support": {
              "chrome": {
                "version_added": true
              },
              "chrome_android": {
                "version_added": true
              },
              "edge": {
                "version_added": "12"
              },
              "firefox": {
                "version_added": false
              },
              "firefox_android": {
                "version_added": false
              },
              "ie": {
                "version_added": "10"
              },
              "opera": {
                "version_added": "12.1"
              },
              "opera_android": {
                "version_added": "12.1"
              },
              "safari": {
                "version_added": true
              },
              "safari_ios": {
                "version_added": true
              },
              "samsunginternet_android": {
                "version_added": null
              },
              "webview_android": {
                "version_added": true
              }
            },
            "status": {
              "experimental": false,
              "standard_track": true,
              "deprecated": false
            }
          }
        }
      }
    }
  }
}
