{
  "css": {
    "properties": {
      "padding-left": {
        "__compat": {
          "mdn_url": "https://developer.mozilla.org/docs/Web/CSS/padding-left",
          "support": {
            "chrome": {
              "version_added": "1"
            },
            "chrome_android": {
              "version_added": true
            },
            "edge": {
              "version_added": "12"
            },
            "firefox": {
              "version_added": "1"
            },
            "firefox_android": {
              "version_added": "4"
            },
            "ie": {
              "version_added": "4"
            },
            "opera": {
              "version_added": "3.5"
            },
            "opera_android": {
              "version_added": true
            },
            "safari": {
              "version_added": "1"
            },
            "safari_ios": {
              "version_added": true
            },
            "samsunginternet_android": {
              "version_added": true
            },
            "webview_android": {
              "version_added": true
            }
          },
          "status": {
            "experimental": false,
            "standard_track": true,
            "deprecated": false
          }
        }
      }
    }
  }
}
