{
  "css": {
    "properties": {
      "place-content": {
        "flex_context": {
          "__compat": {
            "description": "Supported in Flex Layout",
            "mdn_url": "https://developer.mozilla.org/docs/Web/CSS/place-content",
            "support": {
              "chrome": {
                "version_added": "59"
              },
              "chrome_android": {
                "version_added": "59"
              },
              "edge": {
                "version_added": false
              },
              "firefox": {
                "version_added": "45"
              },
              "firefox_android": {
                "version_added": "45"
              },
              "ie": {
                "version_added": false
              },
              "opera": {
                "version_added": true
              },
              "opera_android": {
                "version_added": true
              },
              "safari": {
                "version_added": true
              },
              "safari_ios": {
                "version_added": null
              },
              "samsunginternet_android": {
                "version_added": "7.0"
              },
              "webview_android": {
                "version_added": "59"
              }
            },
            "status": {
              "experimental": false,
              "standard_track": true,
              "deprecated": false
            }
          }
        },
        "grid_context": {
          "__compat": {
            "description": "Supported in Grid Layout",
            "mdn_url": "https://developer.mozilla.org/docs/Web/CSS/place-content",
            "support": {
              "chrome": {
                "version_added": "59"
              },
              "chrome_android": {
                "version_added": "59"
              },
              "edge": {
                "version_added": false
              },
              "firefox": {
                "version_added": "53"
              },
              "firefox_android": {
                "version_added": "53"
              },
              "ie": {
                "version_added": false
              },
              "opera": {
                "version_added": true
              },
              "opera_android": {
                "version_added": true
              },
              "safari": {
                "version_added": true
              },
              "safari_ios": {
                "version_added": null
              },
              "samsunginternet_android": {
                "version_added": "7.0"
              },
              "webview_android": {
                "version_added": "59"
              }
            },
            "status": {
              "experimental": false,
              "standard_track": true,
              "deprecated": false
            }
          }
        },
        "prevent-duplicated-values": {
          "__compat": {
            "description": "You can only specify a single value if it is valid for both <code>align-content</code> and <code>justify-content</code>",
            "support": {
              "chrome": {
                "version_added": true
              },
              "chrome_android": {
                "version_added": true
              },
              "edge": {
                "version_added": false
              },
              "firefox": {
                "version_added": "60"
              },
              "firefox_android": {
                "version_added": "60"
              },
              "ie": {
                "version_added": false
              },
              "opera": {
                "version_added": true
              },
              "opera_android": {
                "version_added": null
              },
              "safari": {
                "version_added": true
              },
              "safari_ios": {
                "version_added": null
              },
              "samsunginternet_android": {
                "version_added": true
              },
              "webview_android": {
                "version_added": true
              }
            },
            "status": {
              "experimental": false,
              "standard_track": true,
              "deprecated": false
            }
          }
        }
      }
    }
  }
}
