{
  "css": {
    "properties": {
      "text-align": {
        "__compat": {
          "mdn_url": "https://developer.mozilla.org/docs/Web/CSS/text-align",
          "support": {
            "chrome": {
              "version_added": "1"
            },
            "chrome_android": {
              "version_added": true
            },
            "edge": {
              "version_added": "12"
            },
            "firefox": {
              "version_added": "1"
            },
            "firefox_android": {
              "version_added": "4"
            },
            "ie": {
              "version_added": "3"
            },
            "opera": {
              "version_added": true
            },
            "opera_android": {
              "version_added": true
            },
            "safari": {
              "version_added": "1"
            },
            "safari_ios": {
              "version_added": null
            },
            "samsunginternet_android": {
              "version_added": true
            },
            "webview_android": {
              "version_added": true
            }
          },
          "status": {
            "experimental": false,
            "standard_track": true,
            "deprecated": false
          }
        },
        "block_alignment_values": {
          "__compat": {
            "description": "Prefixed <code>center</code>, <code>left</code>, and <code>right</code> values for block alignment",
            "support": {
              "chrome": {
                "prefix": "-webkit-",
                "version_added": "1"
              },
              "chrome_android": {
                "prefix": "-webkit-",
                "version_added": "18"
              },
              "edge": {
                "version_added": false
              },
              "firefox": {
                "prefix": "-moz-",
                "version_added": "1"
              },
              "firefox_android": {
                "prefix": "-moz-",
                "version_added": "4"
              },
              "ie": {
                "version_added": false
              },
              "opera": {
                "prefix": "-webkit-",
                "version_added": "15"
              },
              "opera_android": {
                "version_added": null
              },
              "safari": [
                {
                  "prefix": "-webkit-",
                  "version_added": "1.3"
                },
                {
                  "prefix": "-khtml-",
                  "version_added": "1"
                }
              ],
              "safari_ios": {
                "version_added": null
              },
              "samsunginternet_android": {
                "version_added": null
              },
              "webview_android": {
                "prefix": "-webkit-",
                "version_added": "37"
              }
            },
            "status": {
              "experimental": false,
              "standard_track": false,
              "deprecated": true
            }
          }
        },
        "flow_relative_values_start_and_end": {
          "__compat": {
            "description": "Flow-relative values <code>start</code> and <code>end</code>",
            "support": {
              "chrome": {
                "version_added": "1"
              },
              "chrome_android": {
                "version_added": "18"
              },
              "edge": {
                "version_added": false
              },
              "firefox": {
                "version_added": "1"
              },
              "firefox_android": {
                "version_added": "4"
              },
              "ie": {
                "version_added": false
              },
              "opera": {
                "version_added": "15"
              },
              "opera_android": {
                "version_added": null
              },
              "safari": {
                "version_added": "3.1"
              },
              "safari_ios": {
                "version_added": null
              },
              "samsunginternet_android": {
                "version_added": null
              },
              "webview_android": {
                "version_added": "37"
              }
            },
            "status": {
              "experimental": true,
              "standard_track": true,
              "deprecated": false
            }
          }
        },
        "match-parent": {
          "__compat": {
            "description": "<code>match-parent</code>",
            "support": {
              "chrome": {
                "version_added": "16"
              },
              "chrome_android": {
                "version_added": "18"
              },
              "edge": {
                "version_added": false
              },
              "firefox": {
                "version_added": "40"
              },
              "firefox_android": {
                "version_added": "40"
              },
              "ie": {
                "version_added": false
              },
              "opera": {
                "version_added": "15"
              },
              "opera_android": {
                "version_added": null
              },
              "safari": {
                "version_added": false
              },
              "safari_ios": {
                "version_added": null
              },
              "samsunginternet_android": {
                "version_added": null
              },
              "webview_android": {
                "version_added": "37"
              }
            },
            "status": {
              "experimental": true,
              "standard_track": true,
              "deprecated": false
            }
          }
        },
        "justify-all": {
          "__compat": {
            "description": "<code>justify-all</code>",
            "support": {
              "chrome": {
                "version_added": false
              },
              "chrome_android": {
                "version_added": false
              },
              "edge": {
                "version_added": false
              },
              "firefox": {
                "version_added": false
              },
              "firefox_android": {
                "version_added": false
              },
              "ie": {
                "version_added": false
              },
              "opera": {
                "version_added": false
              },
              "opera_android": {
                "version_added": false
              },
              "safari": {
                "version_added": false
              },
              "safari_ios": {
                "version_added": false
              },
              "samsunginternet_android": {
                "version_added": false
              },
              "webview_android": {
                "version_added": false
              }
            },
            "status": {
              "experimental": true,
              "standard_track": true,
              "deprecated": false
            }
          }
        },
        "string": {
          "__compat": {
            "description": "Character-based alignment in a table column (<code>&lt;string&gt;</code> value)",
            "support": {
              "chrome": {
                "version_added": false
              },
              "chrome_android": {
                "version_added": false
              },
              "edge": {
                "version_added": false
              },
              "firefox": {
                "version_added": false
              },
              "firefox_android": {
                "version_added": false
              },
              "ie": {
                "version_added": false
              },
              "opera": {
                "version_added": false
              },
              "opera_android": {
                "version_added": null
              },
              "safari": {
                "version_added": false
              },
              "safari_ios": {
                "version_added": false
              },
              "samsunginternet_android": {
                "version_added": null
              },
              "webview_android": {
                "version_added": false
              }
            },
            "status": {
              "experimental": true,
              "standard_track": true,
              "deprecated": false
            }
          }
        }
      }
    }
  }
}
