{
  "css": {
    "properties": {
      "text-decoration-line": {
        "__compat": {
          "mdn_url": "https://developer.mozilla.org/docs/Web/CSS/text-decoration-line",
          "support": {
            "chrome": {
              "version_added": "57"
            },
            "chrome_android": {
              "version_added": true
            },
            "edge": {
              "version_added": false
            },
            "firefox": [
              {
                "version_added": "36"
              },
              {
                "prefix": "-moz-",
                "version_added": "6",
                "version_removed": "39"
              }
            ],
            "firefox_android": [
              {
                "version_added": "36"
              },
              {
                "prefix": "-moz-",
                "version_added": "6",
                "version_removed": "39"
              }
            ],
            "ie": {
              "version_added": false
            },
            "opera": {
              "version_added": true
            },
            "opera_android": {
              "version_added": true
            },
            "safari": [
              {
                "version_added": "12.1"
              },
              {
                "prefix": "-webkit-",
                "version_added": "8"
              }
            ],
            "safari_ios": [
              {
                "version_added": "12.2"
              },
              {
                "prefix": "-webkit-",
                "version_added": "8"
              }
            ],
            "samsunginternet_android": {
              "version_added": true
            },
            "webview_android": {
              "version_added": true
            }
          },
          "status": {
            "experimental": false,
            "standard_track": true,
            "deprecated": false
          }
        },
        "blink": {
          "__compat": {
            "description": "<code>blink</code>",
            "support": {
              "chrome": {
                "version_added": "57",
                "notes": "The <code>blink</code> value does not have any effect."
              },
              "chrome_android": {
                "version_added": "57",
                "notes": "The <code>blink</code> value does not have any effect."
              },
              "edge": {
                "version_added": false
              },
              "firefox": {
                "version_added": "26",
                "notes": "The <code>blink</code> value does not have any effect."
              },
              "firefox_android": {
                "version_added": "26",
                "notes": "The <code>blink</code> value does not have any effect."
              },
              "ie": {
                "version_added": false
              },
              "opera": {
                "version_added": "44"
              },
              "opera_android": {
                "version_added": "43"
              },
              "safari": {
                "version_added": "8"
              },
              "safari_ios": {
                "version_added": "8"
              },
              "samsunginternet_android": {
                "version_added": "7.0"
              },
              "webview_android": {
                "version_added": "57",
                "notes": "The <code>blink</code> value does not have any effect."
              }
            },
            "status": {
              "experimental": false,
              "standard_track": true,
              "deprecated": true
            }
          }
        }
      }
    }
  }
}
